image_id,device_id,relative_path,sha256
IMG-0001,DEV-001,images/IMG-0001.jpg,cac78fb8153d302ad6ece210f5453ead4cb6112ad1b9680cfe51c0644596dbd9
IMG-0002,DEV-001,images/IMG-0002.jpg,af49cc584048b32a4a8b5c1ec954e018d72753d04a6a54b76eedce2c13a45892
IMG-0003,DEV-001,images/IMG-0003.png,8361529db75ad54e9cb1cab9898b85b91f55b6111649e19971b0644a94099f76
IMG-0004,DEV-001,images/IMG-0004.jpg,feb415715f84edb044b5c4ff637f93c8fb753aa9789eed69377b96847298909d
IMG-0005,DEV-001,images/IMG-0005.jpg,201f54ad030f6d24525192e9846246b1daba42e73fa7704d9b86322cd2886907
IMG-0006,DEV-001,images/IMG-0006.jpg,588007f2730337fb5acfaf03133786aacf6f739a70d74d3e07e23080ab48189d
IMG-0007,DEV-001,images/IMG-0007.jpg,2506315ccab60a42d740377f785532b7cc21d99a40bd2fb6ffdef5c58369aa57
IMG-0008,DEV-001,images/IMG-0008.jpg,dc12ee8a99578454b80ffb305ac73356ef78703e10d496613678023cfce43e55
IMG-0016,DEV-003,images/IMG-0016.jpg,9da97745f311611fc5711e65a116e6b59086c66762044dfe7ad2eed8fe24266e
IMG-0017,DEV-003,images/IMG-0017.jpg,9d07874a742a978dc3303593607c6da32d93e2a2082695f973cb67c4b8d5a41c
IMG-0018,DEV-003,images/IMG-0018.jpg,aafc72556678266075e62043c3ffe3ab4209603212dd476c643043980c53b3bc
IMG-0019,DEV-003,images/IMG-0019.png,a14153a8fae6d0c7bc662ed448732116df4ba7be87369d30622e7342c6ca5235
IMG-0020,DEV-003,images/IMG-0020.jpg,b625567efb9037ced4f09b800b76e03e0cf786529e8bab482a19dde32daa8b39
IMG-0021,DEV-003,images/IMG-0021.jpg,0fbfb79a4d4cccb31b42cb84a7331766ac78344bd405145714a8c1dc63a4d30a
IMG-0022,DEV-004,images/IMG-0022.jpg,ad7ceb8e43a12cd3409f64ae765ec77424e7a90cd164d0ca1919ef62bcfef983
IMG-0023,DEV-004,images/IMG-0023.jpg,7bc5e2374272b368130f240fc2f29497f4a50b4584c3392491321eda6f688487
IMG-0024,DEV-004,images/IMG-0024.jpg,7dce50c49d8ec8be947a6a64cfc51268dd5f5c2ce6509ab69a05cc2ca3f60cec
IMG-0025,DEV-004,images/IMG-0025.jpg,182474263c7c5287be5ccc205c495aa3fa98cc9c114bf9db5971dca3bb2368aa
IMG-0026,DEV-004,images/IMG-0026.jpg,61730baa18d03cf9146edcbbe5f20c66193662342c2d6e3559a485ddf8d71006
IMG-0027,DEV-004,images/IMG-0027.jpg,4ef8b54af9449d67e980070309a637e2555144eaa68583963ffeb3b01ac26153
IMG-0035,DEV-006,images/IMG-0035.jpg,03c57b5235a8ddc5ba5ce868717c4fc0f5af8f20fd97afdaf6c48b719c809b43
IMG-0036,DEV-006,images/IMG-0036.jpg,b66ff7997e8c01d6e31f284127897034392a970aa619c8256aee96ded3ac8d2e
IMG-0037,DEV-006,images/IMG-0037.jpg,997976113eadfba779be905311e3b7575eb14a62eec3383a12c18ca2ad973827
IMG-0038,DEV-006,images/IMG-0038.jpg,bd1adf467927e9ccc5a90fb5ecb1880db76c997465ee7971d88c332b5d9b9064
IMG-0039,DEV-006,images/IMG-0039.jpg,77def7764174b57801a369e93692c0ba67c67c8406cf2399df7e6bf77876d837
IMG-0040,DEV-006,images/IMG-0040.jpg,d62b6f350c3e22f46319d8ee806e233fc2f3ff4ee8a64caba7bd59ef56b636eb
IMG-0041,DEV-006,images/IMG-0041.jpg,c820c406f4c1a64071fdbcd49352571ba677162238b75cc8e8c8d4fa784cecb4
IMG-0048,DEV-008,images/IMG-0048.jpg,44781419cad0ff4fa18619a5512eeae1ffeeb340c15c0842f542a77dee08f7f7
IMG-0049,DEV-008,images/IMG-0049.png,b708817951a65eea4eafbf6408874dcdb8d3f9e22ca80b084ff9feac7e6e0746
IMG-0050,DEV-008,images/IMG-0050.jpg,9835da2394be641b341af8a34600798d602f25ca5103e8d6750ce6ffd9cc8dd3
IMG-0051,DEV-008,images/IMG-0051.jpg,396e616301d78100c7d5905485135a8894ed4d8bb6abcebb816bebfa2eb2e62e
IMG-0052,DEV-008,images/IMG-0052.jpg,c4337c80725aa94b92c0ad9fa25d2db6c2e21e546da7dfae29fd7e66f1b4fde2
IMG-0053,DEV-008,images/IMG-0053.jpg,12915ef6f297369dca2d88dd50c753d69e76fdb75fd21bcb495e32f4d189e026
IMG-0054,DEV-008,images/IMG-0054.jpg,0a5921481af1fefa2fd5a64e781f57b4e24b14e007c8c0437053e86ba557c35a
