set_id,missing_views,reason
SET-001,,All three intended views supplied; quality must still be assessed.
SET-002,,All three intended views supplied; quality must still be assessed.
SET-003,,All three intended views supplied; quality must still be assessed.
SET-004,rear_ports,No image assigned for: rear_ports
SET-005,,All three intended views supplied; quality must still be assessed.
SET-006,,All three intended views supplied; quality must still be assessed.
SET-007,rear_ports,No image assigned for: rear_ports
SET-008,,All three intended views supplied; quality must still be assessed.
SET-009,label,No image assigned for: label
